Initial,Goal,PPV_1,ACC_1,PPV_2,ACC_2,PPV_3,ACC_3,PPV_4,ACC_4,PPV_5,ACC_5,PPV_6,ACC_6,PPV_total,ACC_total,spread,planner_calls,online_time,offline_time
0.0000,1.0000,1.0000,1.0000,1.0000,1.0000,1.0000,1.0000,1.0000,1.0000,1.0000,1.0000,1.0000,1.0000,1.0000,1.0000,1.0000,0.0000,0.0066,0.0000
0.0000,2.0000,0.0000,0.7143,0.0000,0.7143,0.0000,0.7143,0.0000,0.7143,0.2000,0.7714,0.3333,0.8095,0.3333,0.8095,1.0000,0.0000,0.0076,0.0000
0.0000,3.0000,0.0000,0.7143,0.0000,0.7143,0.0000,0.7143,0.2500,0.7857,0.4000,0.8286,0.5000,0.8571,0.5000,0.8571,1.0000,0.0000,0.0056,0.0000
0.0000,4.0000,0.0000,0.7143,0.0000,0.7143,0.0000,0.7143,0.0000,0.7143,0.0000,0.7143,0.0000,0.7143,0.0000,0.7143,1.0000,0.0000,0.0095,0.0000
0.0000,5.0000,0.0000,0.7143,0.0000,0.7143,0.0000,0.7143,0.2500,0.7857,0.4000,0.8286,0.5000,0.8571,0.5000,0.8571,1.0000,0.0000,0.0053,0.0000
0.0000,6.0000,0.0000,0.7143,0.0000,0.7143,0.0000,0.7143,0.0000,0.7143,0.2000,0.7714,0.3333,0.8095,0.3333,0.8095,1.0000,0.0000,0.0047,0.0000
0.0000,7.0000,0.0000,0.7143,0.0000,0.7143,0.0000,0.7143,0.0000,0.7143,0.0000,0.7143,0.1667,0.7619,0.1667,0.7619,1.0000,0.0000,0.0055,0.0000
1.0000,0.0000,1.0000,1.0000,1.0000,1.0000,1.0000,1.0000,1.0000,1.0000,1.0000,1.0000,1.0000,1.0000,1.0000,1.0000,1.0000,0.0000,0.0069,0.0000
1.0000,2.0000,1.0000,1.0000,1.0000,1.0000,1.0000,1.0000,1.0000,1.0000,1.0000,1.0000,1.0000,1.0000,1.0000,1.0000,1.0000,0.0000,0.0052,0.0000
1.0000,3.0000,1.0000,1.0000,1.0000,1.0000,1.0000,1.0000,1.0000,1.0000,1.0000,1.0000,1.0000,1.0000,1.0000,1.0000,1.0000,0.0000,0.0107,0.0000
1.0000,4.0000,0.0000,0.7143,0.0000,0.7143,0.0000,0.7143,0.0000,0.7143,0.2000,0.7714,0.3333,0.8095,0.3333,0.8095,1.0000,0.0000,0.0045,0.0000
1.0000,5.0000,0.0000,0.7143,0.0000,0.7143,0.0000,0.7143,0.0000,0.7143,0.0000,0.7143,0.1667,0.7619,0.1667,0.7619,1.0000,0.0000,0.0081,0.0000
1.0000,6.0000,0.0000,0.7143,0.5000,0.8571,0.3333,0.8095,0.2500,0.7857,0.4000,0.8286,0.5000,0.8571,0.5000,0.8571,1.0000,0.0000,0.0064,0.0000
1.0000,7.0000,0.0000,0.7143,0.0000,0.7143,0.0000,0.7143,0.0000,0.7143,0.0000,0.7143,0.1667,0.7619,0.1667,0.7619,1.0000,0.0000,0.0037,0.0000
2.0000,0.0000,1.0000,1.0000,1.0000,1.0000,1.0000,1.0000,1.0000,1.0000,1.0000,1.0000,1.0000,1.0000,1.0000,1.0000,1.0000,0.0000,0.0036,0.0000
2.0000,1.0000,1.0000,1.0000,1.0000,1.0000,1.0000,1.0000,1.0000,1.0000,1.0000,1.0000,1.0000,1.0000,1.0000,1.0000,1.0000,0.0000,0.0044,0.0000
2.0000,3.0000,0.0000,0.7143,0.0000,0.7143,0.0000,0.7143,0.2500,0.7857,0.4000,0.8286,0.5000,0.8571,0.5000,0.8571,1.0000,0.0000,0.0044,0.0000
2.0000,4.0000,0.0000,0.7143,0.0000,0.7143,0.0000,0.7143,0.0000,0.7143,0.0000,0.7143,0.0000,0.7143,0.0000,0.7143,1.0000,0.0000,0.0040,0.0000
2.0000,5.0000,1.0000,1.0000,1.0000,1.0000,1.0000,1.0000,1.0000,1.0000,1.0000,1.0000,1.0000,1.0000,1.0000,1.0000,1.0000,0.0000,0.0061,0.0000
2.0000,6.0000,1.0000,1.0000,1.0000,1.0000,1.0000,1.0000,1.0000,1.0000,0.8000,0.9429,0.6667,0.9048,0.6667,0.9048,1.0000,0.0000,0.0036,0.0000
2.0000,7.0000,0.0000,0.7143,0.0000,0.7143,0.0000,0.7143,0.0000,0.7143,0.2000,0.7714,0.3333,0.8095,0.3333,0.8095,1.0000,0.0000,0.0077,0.0000
3.0000,0.0000,0.0000,0.7143,0.0000,0.7143,0.0000,0.7143,0.0000,0.7143,0.2000,0.7714,0.3333,0.8095,0.3333,0.8095,1.0000,0.0000,0.0040,0.0000
3.0000,1.0000,1.0000,1.0000,1.0000,1.0000,1.0000,1.0000,1.0000,1.0000,1.0000,1.0000,1.0000,1.0000,1.0000,1.0000,1.0000,0.0000,0.0040,0.0000
3.0000,2.0000,0.0000,0.7143,0.0000,0.7143,0.0000,0.7143,0.0000,0.7143,0.2000,0.7714,0.1667,0.7619,0.1667,0.7619,1.0000,0.0000,0.0041,0.0000
3.0000,4.0000,0.0000,0.7143,0.0000,0.7143,0.3333,0.8095,0.5000,0.8571,0.4000,0.8286,0.3333,0.8095,0.3333,0.8095,1.0000,0.0000,0.0048,0.0000
3.0000,5.0000,0.0000,0.7143,0.0000,0.7143,0.3333,0.8095,0.2500,0.7857,0.2000,0.7714,0.3333,0.8095,0.3333,0.8095,1.0000,0.0000,0.0044,0.0000
3.0000,6.0000,0.0000,0.7143,0.0000,0.7143,0.0000,0.7143,0.0000,0.7143,0.0000,0.7143,0.0000,0.7143,0.0000,0.7143,1.0000,0.0000,0.0110,0.0000
3.0000,7.0000,0.0000,0.7143,0.0000,0.7143,0.0000,0.7143,0.0000,0.7143,0.2000,0.7714,0.1667,0.7619,0.1667,0.7619,1.0000,0.0000,0.0045,0.0000
4.0000,0.0000,0.0000,0.7143,0.0000,0.7143,0.0000,0.7143,0.0000,0.7143,0.2000,0.7714,0.3333,0.8095,0.3333,0.8095,1.0000,0.0000,0.0040,0.0000
4.0000,1.0000,0.0000,0.7143,0.0000,0.7143,0.0000,0.7143,0.0000,0.7143,0.2000,0.7714,0.3333,0.8095,0.3333,0.8095,1.0000,0.0000,0.0084,0.0000
4.0000,2.0000,0.0000,0.7143,0.0000,0.7143,0.0000,0.7143,0.0000,0.7143,0.2000,0.7714,0.1667,0.7619,0.1667,0.7619,1.0000,0.0000,0.0079,0.0000
4.0000,3.0000,1.0000,1.0000,1.0000,1.0000,1.0000,1.0000,1.0000,1.0000,1.0000,1.0000,1.0000,1.0000,1.0000,1.0000,1.0000,0.0000,0.0046,0.0000
4.0000,5.0000,0.0000,0.7143,0.0000,0.7143,0.0000,0.7143,0.0000,0.7143,0.2000,0.7714,0.3333,0.8095,0.3333,0.8095,1.0000,0.0000,0.0073,0.0000
4.0000,6.0000,0.0000,0.7143,0.0000,0.7143,0.0000,0.7143,0.0000,0.7143,0.0000,0.7143,0.1667,0.7619,0.1667,0.7619,1.0000,0.0000,0.0047,0.0000
4.0000,7.0000,0.0000,0.7143,0.0000,0.7143,0.0000,0.7143,0.0000,0.7143,0.0000,0.7143,0.1667,0.7619,0.1667,0.7619,1.0000,0.0000,0.0044,0.0000
5.0000,0.0000,0.0000,0.7143,0.0000,0.7143,0.0000,0.7143,0.0000,0.7143,0.2000,0.7714,0.3333,0.8095,0.3333,0.8095,1.0000,0.0000,0.0040,0.0000
5.0000,1.0000,0.0000,0.7143,0.0000,0.7143,0.0000,0.7143,0.2500,0.7857,0.4000,0.8286,0.5000,0.8571,0.5000,0.8571,1.0000,0.0000,0.0133,0.0000
5.0000,2.0000,0.0000,0.7143,0.0000,0.7143,0.3333,0.8095,0.2500,0.7857,0.4000,0.8286,0.5000,0.8571,0.5000,0.8571,1.0000,0.0000,0.0043,0.0000
5.0000,3.0000,0.0000,0.7143,0.0000,0.7143,0.0000,0.7143,0.2500,0.7857,0.4000,0.8286,0.5000,0.8571,0.5000,0.8571,1.0000,0.0000,0.0048,0.0000
5.0000,4.0000,0.0000,0.7143,0.0000,0.7143,0.0000,0.7143,0.0000,0.7143,0.0000,0.7143,0.0000,0.7143,0.0000,0.7143,1.0000,0.0000,0.0044,0.0000
5.0000,6.0000,0.0000,0.7143,0.0000,0.7143,0.0000,0.7143,0.0000,0.7143,0.2000,0.7714,0.3333,0.8095,0.3333,0.8095,1.0000,0.0000,0.0039,0.0000
5.0000,7.0000,0.0000,0.7143,0.0000,0.7143,0.0000,0.7143,0.0000,0.7143,0.2000,0.7714,0.3333,0.8095,0.3333,0.8095,1.0000,0.0000,0.0040,0.0000
6.0000,0.0000,0.0000,0.7143,0.0000,0.7143,0.3333,0.8095,0.5000,0.8571,0.6000,0.8857,0.6667,0.9048,0.6667,0.9048,1.0000,0.0000,0.0086,0.0000
6.0000,1.0000,0.0000,0.7143,0.5000,0.8571,0.6667,0.9048,0.7500,0.9286,0.8000,0.9429,0.8333,0.9524,0.8333,0.9524,1.0000,0.0000,0.0042,0.0000
6.0000,2.0000,0.0000,0.7143,0.0000,0.7143,0.0000,0.7143,0.0000,0.7143,0.2000,0.7714,0.3333,0.8095,0.3333,0.8095,1.0000,0.0000,0.0041,0.0000
6.0000,3.0000,0.0000,0.7143,0.5000,0.8571,0.6667,0.9048,0.7500,0.9286,0.6000,0.8857,0.6667,0.9048,0.6667,0.9048,1.0000,0.0000,0.0053,0.0000
6.0000,4.0000,0.0000,0.7143,0.0000,0.7143,0.0000,0.7143,0.0000,0.7143,0.0000,0.7143,0.0000,0.7143,0.0000,0.7143,1.0000,0.0000,0.0105,0.0000
6.0000,5.0000,0.0000,0.7143,0.0000,0.7143,0.0000,0.7143,0.2500,0.7857,0.4000,0.8286,0.5000,0.8571,0.5000,0.8571,1.0000,0.0000,0.0106,0.0000
6.0000,7.0000,0.0000,0.7143,0.0000,0.7143,0.0000,0.7143,0.0000,0.7143,0.0000,0.7143,0.1667,0.7619,0.1667,0.7619,1.0000,0.0000,0.0052,0.0000
7.0000,0.0000,0.0000,0.7143,0.0000,0.7143,0.0000,0.7143,0.2500,0.7857,0.4000,0.8286,0.5000,0.8571,0.5000,0.8571,1.0000,0.0000,0.0064,0.0000
7.0000,1.0000,0.0000,0.7143,0.0000,0.7143,0.0000,0.7143,0.2500,0.7857,0.4000,0.8286,0.5000,0.8571,0.5000,0.8571,1.0000,0.0000,0.0039,0.0000
7.0000,2.0000,0.0000,0.7143,0.0000,0.7143,0.0000,0.7143,0.0000,0.7143,0.2000,0.7714,0.3333,0.8095,0.3333,0.8095,1.0000,0.0000,0.0044,0.0000
7.0000,3.0000,0.0000,0.7143,0.5000,0.8571,0.6667,0.9048,0.7500,0.9286,0.8000,0.9429,0.8333,0.9524,0.8333,0.9524,1.0000,0.0000,0.0042,0.0000
7.0000,4.0000,0.0000,0.7143,0.0000,0.7143,0.0000,0.7143,0.0000,0.7143,0.0000,0.7143,0.0000,0.7143,0.0000,0.7143,1.0000,0.0000,0.0075,0.0000
7.0000,5.0000,1.0000,1.0000,0.5000,0.8571,0.6667,0.9048,0.5000,0.8571,0.6000,0.8857,0.6667,0.9048,0.6667,0.9048,1.0000,0.0000,0.0069,0.0000
7.0000,6.0000,0.0000,0.7143,0.0000,0.7143,0.3333,0.8095,0.5000,0.8571,0.4000,0.8286,0.3333,0.8095,0.3333,0.8095,1.0000,0.0000,0.0052,0.0000
