Initial,Goal,PPV_1,ACC_1,PPV_2,ACC_2,PPV_3,ACC_3,PPV_4,ACC_4,PPV_5,ACC_5,PPV_6,ACC_6,PPV_total,ACC_total,spread,planner_calls,online_time,offline_time,TPR,FPR,F1-Score
0.0000,1.0000,1.0000,1.0000,1.0000,1.0000,1.0000,1.0000,1.0000,1.0000,1.0000,1.0000,1.0000,1.0000,1.0000,1.0000,1.0000,7.0000,0.0521,151.7124,1.0,0.0,1.0
0.0000,2.0000,1.0000,1.0000,1.0000,1.0000,1.0000,1.0000,1.0000,1.0000,1.0000,1.0000,1.0000,1.0000,1.0000,1.0000,1.0000,7.0000,0.0382,151.9433,1.0,0.0,1.0
0.0000,3.0000,0.0000,0.7500,0.0000,0.7500,0.0000,0.7500,0.0000,0.7500,0.0000,0.7500,0.1667,0.7917,0.1667,0.7917,1.0000,7.0000,0.0352,151.9542,0.16666666666666666,0.11904761904761904,0.16666666666666666
0.0000,4.0000,0.0000,0.7500,0.5000,0.8750,0.3333,0.8333,0.5000,0.8750,0.6000,0.9000,0.6667,0.9167,0.6667,0.9167,1.0000,7.0000,0.0304,151.8276,0.6666666666666666,0.047619047619047616,0.6666666666666666
0.0000,5.0000,0.0000,0.7500,0.0000,0.7500,0.0000,0.7500,0.2500,0.8125,0.2000,0.8000,0.3333,0.8333,0.3333,0.8333,1.0000,7.0000,0.0490,151.5851,0.3333333333333333,0.09523809523809523,0.3333333333333333
0.0000,6.0000,1.0000,1.0000,1.0000,1.0000,1.0000,1.0000,1.0000,1.0000,1.0000,1.0000,1.0000,1.0000,1.0000,1.0000,1.0000,7.0000,0.0348,151.7869,1.0,0.0,1.0
0.0000,7.0000,0.0000,0.7500,0.0000,0.7500,0.0000,0.7500,0.0000,0.7500,0.0000,0.7500,0.1667,0.7917,0.1667,0.7917,1.0000,7.0000,0.0371,151.9670,0.16666666666666666,0.11904761904761904,0.16666666666666666
1.0000,0.0000,0.0000,0.7500,0.0000,0.7500,0.0000,0.7500,0.0000,0.7500,0.0000,0.7500,0.0000,0.7500,0.0000,0.7500,1.0000,7.0000,0.0381,128.1672,0.0,0.14285714285714285,0.0
1.0000,2.0000,0.0000,0.7500,0.0000,0.7500,0.3333,0.8333,0.5000,0.8750,0.6000,0.9000,0.6667,0.9167,0.6667,0.9167,1.0000,7.0000,0.0371,128.0012,0.6666666666666666,0.047619047619047616,0.6666666666666666
1.0000,3.0000,1.0000,1.0000,0.5000,0.8750,0.3333,0.8333,0.2500,0.8125,0.2000,0.8000,0.1667,0.7917,0.1667,0.7917,1.0000,7.0000,0.0316,128.4714,0.16666666666666666,0.11904761904761904,0.16666666666666666
1.0000,4.0000,1.0000,1.0000,1.0000,1.0000,0.6667,0.9167,0.5000,0.8750,0.6000,0.9000,0.6667,0.9167,0.6667,0.9167,1.0000,7.0000,0.0359,130.8013,0.6666666666666666,0.047619047619047616,0.6666666666666666
1.0000,5.0000,0.0000,0.7500,0.5000,0.8750,0.6667,0.9167,0.7500,0.9375,0.8000,0.9500,0.8333,0.9583,0.8333,0.9583,1.0000,7.0000,0.0447,130.7083,0.8333333333333334,0.023809523809523808,0.8333333333333334
1.0000,6.0000,0.0000,0.7500,0.0000,0.7500,0.0000,0.7500,0.0000,0.7500,0.2000,0.8000,0.3333,0.8333,0.3333,0.8333,1.0000,7.0000,0.0395,130.8079,0.3333333333333333,0.09523809523809523,0.3333333333333333
1.0000,7.0000,0.0000,0.7500,0.5000,0.8750,0.6667,0.9167,0.7500,0.9375,0.8000,0.9500,0.8333,0.9583,0.8333,0.9583,1.0000,7.0000,0.0275,130.3854,0.8333333333333334,0.023809523809523808,0.8333333333333334
2.0000,0.0000,1.0000,1.0000,1.0000,1.0000,0.6667,0.9167,0.5000,0.8750,0.4000,0.8500,0.3333,0.8333,0.3333,0.8333,1.0000,7.0000,0.0319,130.0548,0.3333333333333333,0.09523809523809523,0.3333333333333333
2.0000,1.0000,0.0000,0.7500,0.0000,0.7500,0.3333,0.8333,0.5000,0.8750,0.6000,0.9000,0.6667,0.9167,0.6667,0.9167,1.0000,7.0000,0.0278,129.9408,0.6666666666666666,0.047619047619047616,0.6666666666666666
2.0000,3.0000,0.0000,0.7500,0.0000,0.7500,0.0000,0.7500,0.0000,0.7500,0.0000,0.7500,0.0000,0.7500,0.0000,0.7500,1.0000,7.0000,0.0409,129.9553,0.0,0.14285714285714285,0.0
2.0000,4.0000,1.0000,1.0000,1.0000,1.0000,1.0000,1.0000,1.0000,1.0000,1.0000,1.0000,1.0000,1.0000,1.0000,1.0000,1.0000,7.0000,0.0394,129.8361,1.0,0.0,1.0
2.0000,5.0000,0.0000,0.7500,0.0000,0.7500,0.0000,0.7500,0.0000,0.7500,0.0000,0.7500,0.0000,0.7500,0.0000,0.7500,1.0000,7.0000,0.0305,129.7911,0.0,0.14285714285714285,0.0
2.0000,6.0000,0.0000,0.7500,0.0000,0.7500,0.0000,0.7500,0.2500,0.8125,0.4000,0.8500,0.5000,0.8750,0.5000,0.8750,1.0000,7.0000,0.0308,129.8382,0.5,0.07142857142857142,0.5
2.0000,7.0000,1.0000,1.0000,1.0000,1.0000,1.0000,1.0000,1.0000,1.0000,1.0000,1.0000,1.0000,1.0000,1.0000,1.0000,1.0000,7.0000,0.0301,130.0906,1.0,0.0,1.0
3.0000,0.0000,0.0000,0.7500,0.0000,0.7500,0.0000,0.7500,0.2500,0.8125,0.4000,0.8500,0.5000,0.8750,0.5000,0.8750,1.0000,7.0000,0.0362,119.1076,0.5,0.07142857142857142,0.5
3.0000,1.0000,1.0000,1.0000,1.0000,1.0000,1.0000,1.0000,1.0000,1.0000,1.0000,1.0000,1.0000,1.0000,1.0000,1.0000,1.0000,7.0000,0.0230,119.3010,1.0,0.0,1.0
3.0000,2.0000,0.0000,0.7500,0.5000,0.8750,0.6667,0.9167,0.7500,0.9375,0.8000,0.9500,0.8333,0.9583,0.8333,0.9583,1.0000,7.0000,0.0358,119.4235,0.8333333333333334,0.023809523809523808,0.8333333333333334
3.0000,4.0000,0.0000,0.7500,0.0000,0.7500,0.3333,0.8333,0.5000,0.8750,0.4000,0.8500,0.3333,0.8333,0.3333,0.8333,1.0000,7.0000,0.0237,119.5938,0.3333333333333333,0.09523809523809523,0.3333333333333333
3.0000,5.0000,0.0000,0.7500,0.0000,0.7500,0.0000,0.7500,0.0000,0.7500,0.0000,0.7500,0.0000,0.7500,0.0000,0.7500,1.0000,7.0000,0.0393,119.2132,0.0,0.14285714285714285,0.0
3.0000,6.0000,0.0000,0.7500,0.0000,0.7500,0.3333,0.8333,0.2500,0.8125,0.4000,0.8500,0.5000,0.8750,0.5000,0.8750,1.0000,7.0000,0.0308,119.2043,0.5,0.07142857142857142,0.5
3.0000,7.0000,1.0000,1.0000,1.0000,1.0000,1.0000,1.0000,1.0000,1.0000,1.0000,1.0000,1.0000,1.0000,1.0000,1.0000,1.0000,7.0000,0.0282,119.2099,1.0,0.0,1.0
4.0000,0.0000,0.0000,0.7500,0.5000,0.8750,0.6667,0.9167,0.7500,0.9375,0.8000,0.9500,0.8333,0.9583,0.8333,0.9583,1.0000,7.0000,0.0297,108.3833,0.8333333333333334,0.023809523809523808,0.8333333333333334
4.0000,1.0000,0.0000,0.7500,0.0000,0.7500,0.3333,0.8333,0.2500,0.8125,0.2000,0.8000,0.3333,0.8333,0.3333,0.8333,1.0000,7.0000,0.0287,108.2462,0.3333333333333333,0.09523809523809523,0.3333333333333333
4.0000,2.0000,1.0000,1.0000,1.0000,1.0000,1.0000,1.0000,1.0000,1.0000,1.0000,1.0000,1.0000,1.0000,1.0000,1.0000,1.0000,7.0000,0.0391,108.0771,1.0,0.0,1.0
4.0000,3.0000,0.0000,0.7500,0.0000,0.7500,0.3333,0.8333,0.5000,0.8750,0.6000,0.9000,0.6667,0.9167,0.6667,0.9167,1.0000,7.0000,0.0331,109.5388,0.6666666666666666,0.047619047619047616,0.6666666666666666
4.0000,5.0000,0.0000,0.7500,0.0000,0.7500,0.0000,0.7500,0.0000,0.7500,0.0000,0.7500,0.0000,0.7500,0.0000,0.7500,1.0000,7.0000,0.0302,109.6604,0.0,0.14285714285714285,0.0
4.0000,6.0000,0.0000,0.7500,0.0000,0.7500,0.0000,0.7500,0.0000,0.7500,0.0000,0.7500,0.0000,0.7500,0.0000,0.7500,1.0000,7.0000,0.0314,109.9378,0.0,0.14285714285714285,0.0
4.0000,7.0000,0.0000,0.7500,0.0000,0.7500,0.3333,0.8333,0.5000,0.8750,0.4000,0.8500,0.5000,0.8750,0.5000,0.8750,1.0000,7.0000,0.0320,109.7205,0.5,0.07142857142857142,0.5
5.0000,0.0000,0.0000,0.6250,0.0000,0.6875,0.0000,0.7083,0.0000,0.7188,0.1667,0.7750,0.2857,0.8125,0.2857,0.8125,1.1667,7.0000,0.0292,150.0270,0.3333333333333333,0.11904761904761904,0.3076923076923077
5.0000,1.0000,0.0000,0.7500,0.0000,0.7500,0.0000,0.7500,0.0000,0.7500,0.2000,0.8000,0.3333,0.8333,0.3333,0.8333,1.0000,7.0000,0.0272,150.1549,0.3333333333333333,0.09523809523809523,0.3333333333333333
5.0000,2.0000,1.0000,1.0000,1.0000,1.0000,1.0000,1.0000,1.0000,1.0000,1.0000,1.0000,1.0000,1.0000,1.0000,1.0000,1.0000,7.0000,0.0326,149.8856,1.0,0.0,1.0
5.0000,3.0000,0.0000,0.6250,0.0000,0.6250,0.0000,0.6250,0.0000,0.6562,0.0000,0.6750,0.1111,0.7292,0.1111,0.7292,1.5000,7.0000,0.0273,149.7732,0.16666666666666666,0.19047619047619047,0.13333333333333333
5.0000,4.0000,0.0000,0.7500,0.0000,0.7500,0.3333,0.8333,0.5000,0.8750,0.6000,0.9000,0.6667,0.9167,0.6667,0.9167,1.0000,7.0000,0.0364,149.6027,0.6666666666666666,0.047619047619047616,0.6666666666666666
5.0000,6.0000,1.0000,1.0000,1.0000,1.0000,0.6667,0.9167,0.5000,0.8750,0.4000,0.8500,0.5000,0.8750,0.5000,0.8750,1.0000,7.0000,0.0267,151.2082,0.5,0.07142857142857142,0.5
5.0000,7.0000,1.0000,1.0000,1.0000,1.0000,1.0000,1.0000,1.0000,1.0000,1.0000,1.0000,1.0000,1.0000,1.0000,1.0000,1.0000,7.0000,0.0256,152.8387,1.0,0.0,1.0
6.0000,0.0000,0.0000,0.7500,0.0000,0.7500,0.0000,0.7500,0.0000,0.7500,0.2000,0.8000,0.3333,0.8333,0.3333,0.8333,1.0000,7.0000,0.0370,112.0462,0.3333333333333333,0.09523809523809523,0.3333333333333333
6.0000,1.0000,1.0000,1.0000,0.5000,0.8750,0.3333,0.8333,0.5000,0.8750,0.6000,0.9000,0.6667,0.9167,0.6667,0.9167,1.0000,7.0000,0.0236,110.8934,0.6666666666666666,0.047619047619047616,0.6666666666666666
6.0000,2.0000,0.0000,0.7500,0.0000,0.7500,0.3333,0.8333,0.5000,0.8750,0.6000,0.9000,0.6667,0.9167,0.6667,0.9167,1.0000,7.0000,0.0323,110.7331,0.6666666666666666,0.047619047619047616,0.6666666666666666
6.0000,3.0000,0.0000,0.7500,0.0000,0.7500,0.0000,0.7500,0.0000,0.7500,0.0000,0.7500,0.0000,0.7500,0.0000,0.7500,1.0000,7.0000,0.0273,110.0963,0.0,0.14285714285714285,0.0
6.0000,4.0000,0.0000,0.7500,0.0000,0.7500,0.3333,0.8333,0.5000,0.8750,0.6000,0.9000,0.6667,0.9167,0.6667,0.9167,1.0000,7.0000,0.0354,109.9739,0.6666666666666666,0.047619047619047616,0.6666666666666666
6.0000,5.0000,0.0000,0.7500,0.0000,0.7500,0.0000,0.7500,0.0000,0.7500,0.0000,0.7500,0.0000,0.7500,0.0000,0.7500,1.0000,7.0000,0.0266,110.0318,0.0,0.14285714285714285,0.0
6.0000,7.0000,1.0000,1.0000,0.5000,0.8750,0.6667,0.9167,0.7500,0.9375,0.8000,0.9500,0.8333,0.9583,0.8333,0.9583,1.0000,7.0000,0.0245,110.0529,0.8333333333333334,0.023809523809523808,0.8333333333333334
7.0000,0.0000,0.0000,0.7500,0.0000,0.7500,0.0000,0.7500,0.0000,0.7500,0.0000,0.7500,0.0000,0.7500,0.0000,0.7500,1.0000,7.0000,0.0290,105.2389,0.0,0.14285714285714285,0.0
7.0000,1.0000,0.0000,0.7500,0.5000,0.8750,0.6667,0.9167,0.7500,0.9375,0.8000,0.9500,0.8333,0.9583,0.8333,0.9583,1.0000,7.0000,0.0148,93.6122,0.8333333333333334,0.023809523809523808,0.8333333333333334
7.0000,2.0000,0.0000,0.7500,0.0000,0.7500,0.0000,0.7500,0.2500,0.8125,0.4000,0.8500,0.5000,0.8750,0.5000,0.8750,1.0000,7.0000,0.0170,93.3608,0.5,0.07142857142857142,0.5
7.0000,3.0000,0.0000,0.7500,0.5000,0.8750,0.6667,0.9167,0.7500,0.9375,0.8000,0.9500,0.8333,0.9583,0.8333,0.9583,1.0000,7.0000,0.0178,93.3419,0.8333333333333334,0.023809523809523808,0.8333333333333334
7.0000,4.0000,0.0000,0.7500,0.5000,0.8750,0.6667,0.9167,0.7500,0.9375,0.8000,0.9500,0.8333,0.9583,0.8333,0.9583,1.0000,7.0000,0.0139,85.9911,0.8333333333333334,0.023809523809523808,0.8333333333333334
7.0000,5.0000,0.0000,0.7500,0.0000,0.7500,0.3333,0.8333,0.5000,0.8750,0.6000,0.9000,0.6667,0.9167,0.6667,0.9167,1.0000,7.0000,0.0118,84.3203,0.6666666666666666,0.047619047619047616,0.6666666666666666
7.0000,6.0000,0.0000,0.7500,0.0000,0.7500,0.0000,0.7500,0.0000,0.7500,0.0000,0.7500,0.0000,0.7500,0.0000,0.7500,1.0000,7.0000,0.0116,80.5636,0.0,0.14285714285714285,0.0
